Variable,VIF
const,2.4036184027715164
GDP,1.0019797020574535
Inflation,1.0070984577287698
Price_Large,1.0085748159721255
